1,IE0513
2,IE0503
3,IE0423
4,IE0527
5,IE0209
6,IE0416
7,FS0311
8,IM0101
9,FS0410
10,FS0411
11,IM0207
12,IE0308
13,IE0370
14,IE0516
15,IE0470
16,IE1071
17,IE0408
18,IE0523
19,IE0407
20,IE0102
21,IE0117
22,IE1029
23,IE1127
24,SP2103
25,SP2121
26,SP2116
27,CP0114
28,IE1003
29,IE1103
30,IE9501
31,IE9502
32,IE9500
33,IE0100
34,MA0225
35,MA0125
36,IE9600
37,IE1171
38,PF2200
39,PF2201
40,PF2202
41,PF2213
42,PF2217
43,PF2222
44,PF2224
45,PF2227
46,PF2233
47,PF2234
48,FS0101
49,IE1031
50,IE1063
51,IE9700
52,IE9701
53,IE9702
54,TC0300
55,SP2102
56,IE0665
57,IE1013
58,IE1028
59,IE9601
60,LM1001
61,FS9502
62,IE0309
63,IE0305
64,IE0313
65,MA1001
66,MA1004
67,SP2100
68,IE1067
69,IE1165
70,EG0126
71,EG0127
72,EG0335
73,EG0336
74,FS0210
75,FS0211
76,QU0100
77,QU0101
78,SR0003
79,CI0202
80,MA1002
81,FS0310
82,MA1003
83,EF7331
84,FS0324
85,FS0325
86,II0305
87,LM1030
88,MA0525
89,FS0424
90,FS0425
91,SR0005
92,IE0307
93,IE0372
94,IE0413
95,IE0409
96,IE0472
97,IM0307
98,IE0431
99,IE0661
100,IE0502
101,SR0088
102,IE0105
103,IE0533
104,IE1065
105,IE0104
106,IE1009
107,IE1070
108,MA0325
109,FS0124
110,FS0125
111,EG0313
112,SR0004
113,EF6301
114,EF7401
115,SR0044
116,IE0432
117,IE0524
118,SR0022
119,RP0007
120,IE0501
121,RP2101
122,IE1503
123,IE1801
124,FS0224
125,MA0303
126,MA0425
127,OE1000
128,QU0102
129,QU0103
130,EG0124
131,EG0125
132,EG0314
133,EF7301
134,FS0225
135,ME6001
136,ME6002
137,ME6003
138,ME6004
139,ME6005
140,LM3001
141,SR0002
142,IE0114
143,EF7201
144,IE1008
145,EG0018
146,F4007
147,XN4003
148,XN4005
149,XN4008
150,XN5000
151,XN5200
152,XN5202
153,XN4000
154,XN4006
155,XN5028
156,XN9600
157,IE0669
158,IM0100
159,FL3119
160,IE0217
161,IQ0200
162,FS0204
163,FS0208
164,XS0215
165,QU0210
166,QU0211
167,CI1101
168,IC0301
169,SR0007
170,SR0006
171,IE0400
172,B106
173,B107
174,F2034
175,FS0503
176,FS0511
177,FS0514
178,FS0516
179,FS0517
180,FS0617
181,FS0618
182,FS0620
183,FS0603
184,FS0717
185,FS0718
186,FS0819
187,FS0820
188,FS0902
189,SR0008
190,FS0523
191,FS0623
192,SP1003
193,XE1300
194,XN4001
195,XN4002
196,XN4007
197,XN4100
198,XN4202
199,XE1500
200,XN4004
201,XN4101
202,XN5003
203,XN5006
204,XN5025
205,XN5026
206,XN5027
207,XN5201
208,XS1400
209,XN5029
210,XN5008
211,XN5001
212,XN5002
213,XN5005
214,IC0100
215,IC0401
216,T1200
217,EF7161
218,SR0001
219,SR0066
220,SP2130
221,SP2115
222,SP2101
223,SP2106
224,SP2107
225,SP2131
226,SP2113
227,SP2104
228,EF7222
229,FL2021
230,SR0077
231,EF6151
232,IE0103
233,EF8221
234,HG1001
235,LM5001
236,XE0157
237,EF8321
238,SR0033
239,EG0004
240,AS2101
241,EF7261
242,LM7030
243,LM7032
244,AS1103
245,FL2162
246,FA0212
247,LM2003
248,EF6181
249,IM0313
250,IM0203
251,IM0303
252,IM0315
253,IM0317
254,IM0329
255,IM0300
256,IM0305
257,IM0401
258,IM0411
259,IM0417
260,IM0423
261,IM0429
262,IM0451
263,IM0529
264,IM0400
265,IM0405
266,IM0407
267,IM0409
268,IM0412
269,IM0533
270,MA0517
271,LM2013
272,IM0414
273,AS1101
274,SR0055
275,EF6401
276,IE1504
277,LM3030
278,IM0408
279,IM0531
280,FS0115
281,MA1005
282,EF6361
283,EF7282
284,EG0319
285,EG0048
286,EF7461
287,LM1031
288,NF2100
289,PF2100
290,PF2101
291,PF2102
292,PF2103
293,PF2104
294,PF2105
295,PF2107
296,PF2108
297,PF2106
298,PF2109
299,PF2111
300,PF2112
301,PF2114
302,PF2115
303,PF2116
304,PF2117
305,FL3212
306,EF7221
307,EG0026
308,LM5002
309,MA0110
310,LM1032
311,LM5032
312,FL2237
313,EG0318
314,EF7281
315,EG0315
316,OE1102
317,EG0006
318,B303
319,EF6302
320,MB1004
321,MN0116
322,MN0220
323,MQ0310
324,O2000
325,IE0101
326,F1014
327,F2054
328,F2604
329,F6052
330,F2454
331,F7154
332,AS2001
333,XE0158
334,EG0323
335,MA0427
336,QU0220
337,LM8001
338,CI0101
339,EG0061
340,IE1026
341,SP2111
342,FS0408
343,HG1419
344,XE0156
345,HG2015
346,MA1006
347,AP1009
348,EF7232
349,IE1035
350,EF7181
351,FL1011
352,FD0548
353,LM4030
354,EG0328
355,EG0331
356,EG0333
357,CI1000
358,SP2132
359,FL3003
360,AS1145
361,AS1150
362,LM4001
363,MA0551
364,MA0270
365,MA0360
366,MA0455
367,EG0322
368,AS1100
369,LM5030
370,EF6171
371,HG2510
372,LM7005
373,EG0324
374,EG0330
375,LM6001
376,LM6002
377,LM6003
378,LM6030
379,SP2118
380,G111
381,EF7262
382,SP2120
383,EF6101
384,EF6102
385,HG1017
386,EG0088
387,LM7034
388,SR0011
389,IE0303
390,II0111
391,II0211
392,II0212
393,II0301
394,II0304
395,II0311
396,II0405
397,II0418
398,II0435
399,II0473
400,II0307
401,II0312
402,II0403
403,II0407
404,II0411
405,II0412
406,II0414
407,II0934
408,II1015
409,II1021
410,II0409
411,II0467
412,II0931
413,II0937
414,II0992
415,II1011
416,II1012
417,II1027
418,II0410
419,II0416
420,II1022
421,II9500
422,MA0150
423,MA0350
424,MA0460
425,SP2117
426,EG0334
427,PF2506
428,PF2510
429,PF2538
430,F5201
431,EG0325
432,AQ0100
433,AQ0216
434,AQ0232
435,EF7441
436,SP2134
437,IE0107
438,BI0010
439,EG0123
440,EG0321
441,QU0200
442,QU0201
443,IQ0221
444,QU0212
445,QU0213
446,QU0260
447,XS0217
448,IQ0311
449,IQ0312
450,IQ0313
451,IQ0314
452,IQ0322
453,IQ0331
454,MQ0336
455,MQ0337
456,QU0214
457,QU0215
458,IQ0415
459,IQ0416
460,IQ0423
461,IQ0424
462,IQ0432
463,IQ0433
464,IQ0451
465,IQ0452
466,IQ0503
467,IQ0642
468,IQ0517
469,IQ0525
470,IQ0526
471,IQ0534
472,IQ0551
473,IQ0553
474,IQ0556
475,IQ0559
476,IQ0590
477,IQ0640
478,IQ0643
479,IQ9500
480,IQ9501
481,IQ0672
482,LM2031
483,IQ9502
484,RP0018
485,EF8231
486,FS0103
487,MA1210
488,FS0203
489,LM1033
490,CI1100
491,MA0129
492,CI1104
493,MA0229
494,AP1000
495,AP1001
496,AP1005
497,AP1007
498,AP1020
499,AP1025
500,F4444
501,AP1003
502,AP1023
503,AP2025
504,AP1002
505,AP1004
506,EG0028
507,EG0332
508,CI1201
509,LM4002
510,IC0302
511,IM0202
512,IM0413
513,IM0431
514,IM0761
515,IM0905
516,IM0917
517,FL2203
518,LM9301
519,XN2100
520,XN2103
521,XS0276
522,XN2101
523,XN2102
524,XP0101
525,XP0212
526,XP1001
527,FL3214
528,FL5138
529,LM1002
530,LM1234
531,LM1235
532,CI1310
533,CI1311
534,CI1312
535,CI1313
536,PF3317
537,PF3318
538,CI1330
539,CI1331
540,CI1430
541,CI1431
542,PF3319
543,PF3320
544,PF3394
545,PF3395
546,PF3323
547,PF3324
548,PF3341
549,PF3342
550,PF3390
551,PF3391
552,PF3845
553,PF3846
554,CI2308
555,PF3371
556,PF3372
557,PF3386
558,PF3387
559,PF3820
560,PF3821
561,PF3361
562,PF3362
563,PF3855
564,PF3856
565,CU4622
566,CU4623
567,CU5502
568,CU2102
569,CU2112
570,CU2113
571,CU2115
572,CU2116
573,CU2122
574,CU0301
575,CU2117
576,CU2118
577,CU2119
578,CU2120
579,MA2210
580,MA0230
581,MA0250
582,MA0370
583,MA0700
584,EG0326
585,EF8201
586,PF2118
587,PF2119
588,PF2120
589,PF2121
590,PF2122
591,PF2125
592,EF6292
593,EG0317
594,EF6351
595,EG0316
596,FA2009
597,FA2023
598,FA0214
599,FA2007
600,FA2008
601,FA3011
602,FA3030
603,FA3031
604,FA3032
605,FA3041
606,MF1000
607,MQ0332
608,F5001
609,FA3012
610,FA3016
611,FA3043
612,FA4001
613,FA4003
614,FA4024
615,FA4025
616,FA4031
617,FA4002
618,FA5010
619,FA5014
620,FA5021
621,FA5026
622,FA5030
623,FA5032
624,FA5033
625,FA5035
626,FA5036
627,FA5037
628,FA9750
629,EF7231
630,MA0175
631,MA0275
632,FD5051
633,MA0371
634,MA0540
635,OE1103
636,FD0152
637,FS0226
638,MA0372
639,MA0420
640,OE0342
641,FD0531
642,MA0550
643,EA0350
644,FD0541
645,MA0552
646,MA0560
647,LM9302
648,EF7223
649,EG0089
